[
  {
    "value": "House of Wax",
    "synonyms": [
      "House of Wax",
      "La casa de cera"
    ]
  },
  {
    "value": "Logan",
    "synonyms": [
      "Logan",
      "Logan – The Wolverine"
    ]
  },
  {
    "value": "The Dark Knight",
    "synonyms": [
      "Der dunkle Ritter",
      "El caballero oscuro",
      "The dark knight"
    ]
  },
  {
    "value": "The Godfather",
    "synonyms": [
      "Der Pate",
      "El padrino",
      "The Godfather"
    ]
  },
  {
    "value": "The Wolverine",
    "synonyms": [
      "The Wolverine",
      "Wolverine: Weg des Kriegers"
    ]
  },
  {
    "value": "The greatest showman",
    "synonyms": [
      "El gran showman",
      "Greatest Showman",
      "The greatest showman"
    ]
  },
  {
    "value": "The mummy",
    "synonyms": [
      "Die Mumie",
      "La momia",
      "The mummy"
    ]
  },
  {
    "value": "remember me",
    "synonyms": [
      "Recuérdame",
      "Remember Me – Lebe den Augenblick",
      "remember me"
    ]
  }
]