[
  {
    "id": "5b55b03f-8033-4c79-bef2-054509eb8466",
    "data": [
      {
        "text": "The rate of ",
        "userDefined": false
      },
      {
        "text": "The greatest showman",
        "alias": "movie",
        "meta": "@movie",
        "userDefined": true
      }
    ],
    "isTemplate": false,
    "count": 0,
    "updated": 0
  },
  {
    "id": "7c97cf8d-1875-47d7-88e0-49a9e1ac147c",
    "data": [
      {
        "text": "What kind of movie is ",
        "userDefined": false
      },
      {
        "text": "X-Men",
        "alias": "movie",
        "meta": "@movie",
        "userDefined": true
      }
    ],
    "isTemplate": false,
    "count": 0,
    "updated": 0
  },
  {
    "id": "300ff10f-9866-4061-bf27-adecda8f9c4b",
    "data": [
      {
        "text": "I want to know more about ",
        "userDefined": false
      },
      {
        "text": "Upgrade",
        "alias": "movie",
        "meta": "@movie",
        "userDefined": true
      }
    ],
    "isTemplate": false,
    "count": 0,
    "updated": 0
  },
  {
    "id": "f8811a58-8990-4ef5-a1a9-b7d3e6e771b9",
    "data": [
      {
        "text": "Show details about ",
        "userDefined": false
      },
      {
        "text": "The Mummy",
        "alias": "movie",
        "meta": "@movie",
        "userDefined": true
      }
    ],
    "isTemplate": false,
    "count": 0,
    "updated": 0
  },
  {
    "id": "938fd409-56d5-402a-9f15-cf7b6363867c",
    "data": [
      {
        "text": "everything about ",
        "userDefined": false
      },
      {
        "text": "house of wax",
        "alias": "movie",
        "meta": "@movie",
        "userDefined": true
      }
    ],
    "isTemplate": false,
    "count": 0,
    "updated": 0
  },
  {
    "id": "59629589-c9de-4456-9d34-bb378a7930a2",
    "data": [
      {
        "text": "details of ",
        "userDefined": false
      },
      {
        "text": "remember me",
        "alias": "movie",
        "meta": "@movie",
        "userDefined": true
      }
    ],
    "isTemplate": false,
    "count": 0,
    "updated": 0
  },
  {
    "id": "6c6d3127-b13b-4091-aa7a-a9d1d99079de",
    "data": [
      {
        "text": "Give me synopsis about ",
        "userDefined": false
      },
      {
        "text": "The Godfather",
        "alias": "movie",
        "meta": "@movie",
        "userDefined": true
      }
    ],
    "isTemplate": false,
    "count": 0,
    "updated": 0
  }
]